Display Order,Product Details,ASIN,URL,Image URL,Brand,Price  ₹,Sales,Variation Sales Strength (1 - 10),Recent Purchases,Revenue,Title Char. Count,BSR,Seller Country/Region,Fees  ₹,Active Sellers,Ratings,Review Count,Images,Review velocity,Buy Box,Category,Size Tier,Fulfillment,Dimensions,Weight,ABA Most Clicked,Creation Date,Sponsored,Best Seller,Seller Age (mo),Seller
1,Audio Array AI-04 2x2 Gen 3 Audio Interface | Premium Mic Pre-Amps | 48V Phantom Power | 24bit/192kHz Hi-Fi Recording | XLR/MIC/LINE inputs | Plug & Play-No Drivers | 2 in 3 out | Metal Body | Red,B0BPLZ5CGV,https://www.amazon.in/dp/B0BPLZ5CGV?psc=1,https://m.media-amazon.com/images/I/51W18VdbcsL._SX569_.jpg,Audio Array,"4,698",667,0,400,"37,07,465.92",196,86,N/A,795.06,3,4,"1,047",9,28,Cocoblu Retail,Musical Instruments,Standard Size,FBA,26.29 x 6.91 x 14.30 cm,0.83,N/A,"Dec 9, 2022",,No,38,Cocoblu Retail
2,"Arturia MiniFuse 1, 1in / 2out USB-C Audio Interface, with 1 Mic/Line/Instrument Preamp, Built-in USB Hub, Loopback and Included Software Bundle - Mac/PC (White)",B09HL4T36F,https://www.amazon.in/dp/B09HL4T36F?psc=1,https://m.media-amazon.com/images/I/31ko-4OknzL._SX522_.jpg,Arturia,"9,990",187,0,40,"23,08,851.88",161,402,N/A,"1,477.24",6,4.6,"2,137",8,34,SOUNDGLITZ,Musical Instruments,Standard Size,FBA,17.30 x 5.00 x 13.60 cm,0.46,N/A,"Oct 10, 2021",,No,52,SOUNDGLITZ
3,Behringer U-PHORIA UM2 2 x 2 Audio interfacce with USB 2.0,B00EK1OTZC,https://www.amazon.in/dp/B00EK1OTZC?psc=1,https://m.media-amazon.com/images/I/61iou9KKssL._SX355_.jpg,Behringer,"6,399",115,0,N/A,"5,43,932.36",58,434,N/A,N/A,3,4.1,"17,372",1,44,,Musical Instruments,Standard Size,MFN,21.20 x 8.90 x 15.60 cm,0.54,N/A,"Dec 31, 2025",,No,2,
4,Focusrite Scarlett Solo (3rd Gen) USB Audio Interface,B07QR6Z1JB,https://www.amazon.in/dp/B07QR6Z1JB?psc=1,https://m.media-amazon.com/images/I/613veRuWtmL._SX355_.jpg,Focusrite,"12,600",105,0,50,"14,30,294.97",53,463,N/A,"1,816.02",1,4.6,"28,128",15,119,SOUNDGLITZ,Musical Instruments,Standard Size,FBA,16.40 x 5.40 x 13.20 cm,0.45,N/A,"Jun 27, 2019",,No,80,SOUNDGLITZ
5,"Scalebee Audio Guitar Interface AMP I-Rig Converter Replacement Guitar for Phone Guitar Audio Interface Phone Tuner Lightweight Audio Adapter for iPhone, iPad Smartphones (Guitar Audio Interface)",B0FQP6THVL,https://www.amazon.in/dp/B0FQP6THVL?psc=1,https://m.media-amazon.com/images/I/41dX9CzuRlL._SY450_.jpg,Scalebee,285,69,0,50,"19,889.60",195,503,N/A,147.62,1,3.6,8,9,1,Technogazet,Musical Instruments,Standard Size,FBA,12.20 x 2.60 x 10.70 cm,0.04,N/A,"Sep 11, 2025",,No,5,Technogazet
6,"i-Ring Guitar Audio Interface Adapter | Portable Guitar to Phone Converter | Guitar Interface for iPhone, iPad, Android Smartphones & Tablets | Lightweight Audio Adapter for Recording",B0FY6NJ921,https://www.amazon.in/dp/B0FY6NJ921?psc=1,https://m.media-amazon.com/images/I/412lBpJhrjL._SY355_.jpg,MESHIV,347,213,0,100,"73,902.45",183,509,N/A,N/A,1,4.5,9,9,3,Be Digital Online LLP,Musical Instruments,N/A,FBA,N/A,N/A,N/A,"Oct 29, 2025",,No,4,Be Digital Online LLP
7,"Audient iD4 (MKII) 2in/2out High-Performance USB 3.0 Audio Interface with Audient Console Mic Preamp, Dual Headphone Outputs, DI Instrument Input, ScrollControl Feature, & Free Software Bundle - Mac/Win/iOS Compatible",B08SBSN88X,https://www.amazon.in/dp/B08SBSN88X?psc=1,https://m.media-amazon.com/images/I/61ahr5MaWRL._SX425_.jpg,Audient,"17,818",172,0,50,"36,67,846.41",217,514,N/A,"2,463.82",8,4.5,"2,528",7,29,Cocoblu Retail,Musical Instruments,Standard Size,FBA,18.30 x 9.20 x 15.40 cm,0.87,N/A,"Jan 8, 2021",,No,61,Cocoblu Retail
8,Guitar Audio Interface Adapter Guitar To Phone Converter Guitar Interface For Iphone Ipad Android Smartphones Tablets Lightweight Audio Adapter For Recording,B0GJSK6GPJ,https://www.amazon.in/dp/B0GJSK6GPJ?psc=1,https://m.media-amazon.com/images/I/31rNWU6IgyL.jpg,Casa C,599,15,0,10,"8,998.17",157,556,N/A,166.32,1,N/A,0,9,0,CRAFTELLA,Musical Instruments,Standard Size,FBA,3.00 x 2.00 x 6.00 cm,0.08,N/A,"Jan 26, 2026",,No,1,CRAFTELLA
9,"Audient EVO 4 Professional 2in/2out USB Audio Interface for Recording, Live Streaming, Gaming & Podcasting with 48V Phantom Power, Dual XLR, Line & DI Input Plus SmartGain Feature & Free Software Bundle",B084ZJV87H,https://www.amazon.in/dp/B084ZJV87H?psc=1,https://m.media-amazon.com/images/I/51hpaPMB6rL._SX569_.jpg,Audient,"13,490",90,0,50,"15,21,494.84",202,428,N/A,"1,902.04",2,4.4,"1,180",9,12,Cocoblu Retail,Musical Instruments,Standard Size,FBA,18.70 x 9.70 x 10.50 cm,0.62,N/A,"Feb 20, 2020",,No,72,Cocoblu Retail
10,"M-Audio M-Track Duo – USB Audio Interface for Recording, Streaming and Podcasting with Dual XLR, Line & DI Inputs, plus a Software Suite Included",B08Q1V77NR,https://www.amazon.in/dp/B08Q1V77NR?psc=1,https://m.media-amazon.com/images/I/81riOGaUF6L._SX466_.jpg,M-AUDIO,"7,499",90,0,N/A,"6,22,636.34",145,598,N/A,"1,153.91",3,4.2,"13,262",7,126,MUSIC Mantra,Musical Instruments,Standard Size,FBA,23.19 x 9.70 x 15.29 cm,0.52,N/A,"Dec 23, 2020",,No,62,MUSIC Mantra
11,Arvox USB Audio Interface 2x2 Gen 3 | 2-In 2-Out | Premium Mic Pre-Amps | 48V Phantom Power | 24-bit/192kHz Recording | XLR/Mic/Line Inputs | Plug & Play | Metal Body | Red,B0FPGLVS5M,https://www.amazon.in/dp/B0FPGLVS5M?psc=1,https://m.media-amazon.com/images/I/51VOdSGoP7L._SY450_.jpg,ARVOX,"3,969",59,0,30,"2,34,827.29",172,618,N/A,695.72,1,3.9,16,7,2,ClickCarts,Musical Instruments,Standard Size,FBA,26.60 x 7.10 x 14.70 cm,0.86,N/A,"Sep 2, 2025",,No,5,ClickCarts
12,"Audio Interface AMP iRig from for iPod Touch, iPhone, and iPad, 7 X 2 X 2 cm",B0F18X4CL5,https://www.amazon.in/dp/B0F18X4CL5?psc=1,https://m.media-amazon.com/images/I/41d0lzD7EkL._SX569_.jpg,SUKHAD,298,74,0,50,"22,116.68",76,629,N/A,N/A,1,3.6,42,8,4,SukhadShop,Musical Instruments,Standard Size,FBA,12.80 x 3.20 x 6.70 cm,0.04,N/A,"Sep 13, 2021",,No,53,SukhadShop
13,Guitar I-Rig Guitar Link Audio Interface System AMP Amplifier Guitar Effects Pedal Convertor Adapter Cable Jack for iPhone iPad iPod,B0FHJB6H31,https://www.amazon.in/dp/B0FHJB6H31?psc=1,https://m.media-amazon.com/images/I/41Q1v5cpJEL._SY450_.jpg,VPGS,299,20,0,20,"6,077.35",132,639,N/A,172.21,1,N/A,0,9,0,DHRUVI-CREATION.,Musical Instruments,Standard Size,FBA,8.00 x 32.00 x 8.00 cm,0.48,N/A,"Jul 15, 2025",,No,7,DHRUVI-CREATION.
14,"MAONO Gaming Audio Podcast Mixer, Streaming RGB PC Mixer with XLR Microphone Interface, Bluetooth, Volume Fader, Mute Button, 48V Phantom Power, for Podcast/Recording/Vocal/Game Voice-G1 NEO, Black",B0D1Y8S9WF,https://www.amazon.in/dp/B0D1Y8S9WF?psc=1,https://m.media-amazon.com/images/I/717c0MDwl-L._SX425_.jpg,MAONO,"3,899",63,0,N/A,"2,43,750.82",197,662,N/A,686.63,1,4.4,304,9,9,Cocoblu Retail,Musical Instruments,Standard Size,FBA,18.60 x 8.20 x 16.20 cm,0.55,N/A,"Jun 5, 2024",,No,20,Cocoblu Retail
15,"Audio Array AI-10 Professional Live Soundcard|1Ch Mixer |Bluetooth | 3 Condenser Mic Inputs, 2 mobilephones & PC/Mac Outputs | +48V phantom power, 4 Voice Modes, Denoise, built-in FX | Gaming, Karaoke",B0CM6NTWBP,https://www.amazon.in/dp/B0CM6NTWBP?psc=1,https://m.media-amazon.com/images/I/71+IsroeESL._SY355_.jpg,Audio Array,"2,999",217,0,N/A,"4,68,550.48",200,235,N/A,N/A,3,3.8,320,8,8,Cocoblu Retail,Musical Instruments,Standard Size,FBA,25.30 x 5.70 x 15.00 cm,0.48,N/A,"Oct 31, 2023",,No,28,Cocoblu Retail
16,"Focusrite Scarlett 2i2 4th Gen, USB audio interface for recording, composing, streaming, and podcaster - sound recordings and all the software to record",B0C5JRTS3Y,https://www.amazon.in/dp/B0C5JRTS3Y?psc=1,https://m.media-amazon.com/images/I/51qJYqPV1YL._SX425_.jpg,Focusrite,"23,868",57,0,40,"13,78,683.53",152,732,N/A,"3,278.61",6,4.6,"2,037",6,68,Cocoblu Retail,Musical Instruments,Standard Size,FBA,21.20 x 6.40 x 16.60 cm,0.85,N/A,"Aug 31, 2023",,No,30,Cocoblu Retail
17,"Focusrite Scarlett Solo 4th Gen USB Audio Interface, for the Guitarist, Vocalist, or Producer — High-Fidelity, Studio Quality Recording, and All the Software You Need to Record",B0C5JSHP7M,https://www.amazon.in/dp/B0C5JSHP7M?psc=1,https://m.media-amazon.com/images/I/51TrjQuPipL._SX425_.jpg,Focusrite,"16,867",65,0,50,"11,25,022.20",176,818,N/A,"2,369.88",8,4.5,"1,998",8,78,Cocoblu Retail,Musical Instruments,Standard Size,FBA,18.00 x 6.40 x 14.80 cm,0.57,N/A,"Jul 2, 2025",,No,7,Cocoblu Retail
18,MODEL ART Guitar Line Converter Guitar Interface I-rig Converter Replacement Guitar for Phone Guitar Audio Interface Guitar Tuner,B0G1MRBF1Q,https://www.amazon.in/dp/B0G1MRBF1Q?psc=1,https://m.media-amazon.com/images/I/31U24Eucc7L._SX355_.jpg,MODEL ART,999,41,0,20,"40,938.08",129,835,N/A,N/A,1,5,1,9,0,MODEL ENTERPRISE,Musical Instruments,Standard Size,FBA,8.00 x 32.00 x 8.00 cm,0.15,N/A,"Mar 31, 2025",,No,11,MODEL ENTERPRISE
19,Behringer U-Phoria UM2 (2X2 USB Audio interface,B07V44C5BZ,https://www.amazon.in/dp/B07V44C5BZ?psc=1,https://m.media-amazon.com/images/I/61eapUBvglL._SX466_.jpg,Behringer,"4,699",45,0,40,"2,04,410.90",47,849,N/A,790.47,2,4.1,28,4,0,SOUNDGLITZ,Musical Instruments,Standard Size,FBA,21.10 x 8.90 x 15.70 cm,0.56,N/A,"Apr 5, 2025",,No,10,SOUNDGLITZ
20,"Audio Array AI-12 USB Bluetooth Soundcard | 1Ch Mixer interface | 2 mic inputs, 2 smartphone & PC/Mac outputs | Karaoke Recording, Mobile/PC Streaming, Live Broadcasting | Singing, Recording, Gaming",B0CM6WH4ZT,https://www.amazon.in/dp/B0CM6WH4ZT?psc=1,https://m.media-amazon.com/images/I/61TfBw-1ixL._SX466_.jpg,Audio Array,"1,399",55,0,20,"1,05,552.59",198,810,N/A,N/A,1,3.7,160,8,6,White Mulberry® by Cambium,Musical Instruments,Standard Size,FBA,18.20 x 4.70 x 13.10 cm,0.41,N/A,"Oct 31, 2023",,No,28,White Mulberry® by Cambium
21,"JOYO Guitar Audio Interface, Internal Pocket Recording Sound Card with Type-C and Lightning for Phone, Portable and Lightweight Plug & Play (MOMIX CAB)",B0FMJZ8HR1,https://www.amazon.in/dp/B0FMJZ8HR1?psc=1,https://m.media-amazon.com/images/I/41c6j3Gk75L._SY450_.jpg,TechnoBuyers,"2,290",38,0,30,"87,394.43",151,890,N/A,454.18,1,4.1,6,6,0,ALLIANZE,Musical Instruments,Standard Size,FBA,15.50 x 2.70 x 9.90 cm,0.1,N/A,"Aug 15, 2025",,No,6,ALLIANZE
22,"M-AUDIO M-TRACK DUO HD - Pro-Grade 2x2 USB-C Audio Interface for Mac, PC, iOS and Android",B0F2GCSBJL,https://www.amazon.in/dp/B0F2GCSBJL?psc=1,https://m.media-amazon.com/images/I/717kd-L9xPL._SY450_.jpg,M-AUDIO,"8,696",39,0,20,"3,26,627.02",89,907,N/A,"1,305.39",8,4.4,70,16,14,Cocoblu Retail,Musical Instruments,Standard Size,FBA,23.09 x 9.19 x 15.29 cm,0.54,N/A,"May 14, 2025",,No,9,Cocoblu Retail
23,"kh 48V Phantom Power Supply for Condenser Microphone USB Powered Audio Interface with XLR 3-Pin Mic Cable & 5ft USB Cable Microphone Power Supply for Studio Recording, Podcasting, Streaming",B0FLDR79SR,https://www.amazon.in/dp/B0FLDR79SR?psc=1,https://m.media-amazon.com/images/I/6100VzNshkL._SX679_.jpg,kh,995,32,0,N/A,"32,299.69",189,944,N/A,192.02,1,4.6,12,9,2,Shopn Save,Musical Instruments,Standard Size,FBA,15.10 x 8.00 x 13.80 cm,0.37,N/A,"Aug 6, 2025",,No,6,Shopn Save
24,"Steinberg UR22C Recording Pack With Mic & Headphones, Red",B0CKTX8PNR,https://www.amazon.in/dp/B0CKTX8PNR?psc=1,https://m.media-amazon.com/images/I/71hEee+SqVL._SX522_.jpg,Steinberg,"21,999",39,0,N/A,"7,43,363.42",57,970,N/A,"3,163.45",1,4.3,642,3,7,Audio-Video Garage House 2023,Musical Instruments,Standard Size,FBA,50.04 x 14.99 x 26.16 cm,2.9,N/A,"Mar 20, 2024",,No,23,Audio-Video Garage House 2023
25,Yamaha AG03 MK2 Black 3-Channel Live Streaming Loopback Mixer/USB Interface,B09VTKC91H,https://www.amazon.in/dp/B09VTKC91H?psc=1,https://m.media-amazon.com/images/I/71VtUlr1W7L._SX466_.jpg,Yamaha,N/A,98,0,N/A,"21,46,063.75",75,995,N/A,N/A,1,4.4,332,8,6,,Musical Instruments,Standard Size,MFN,23.70 x 11.40 x 20.70 cm,1.15,N/A,"May 30, 2022",,No,45,
26,"PreSonus AudioBox GO 2x2 USB-C Audio Interface with XLR/Line Combo and Line Inputs, Stereo Outputs, Gain Controls, Phantom Power, and Included Recording Software",B09N557CYK,https://www.amazon.in/dp/B09N557CYK?psc=1,https://m.media-amazon.com/images/I/71pZ2-pm5fL._SX450_.jpg,PreSonus,"6,990",68,0,50,"4,77,029.02",161,"1,110",N/A,"1,087.83",1,4.1,"1,076",6,11,Cocoblu Retail,Musical Instruments,Standard Size,FBA,21.21 x 17.40 x 19.10 cm,0.39,N/A,"Feb 17, 2022",,No,48,Cocoblu Retail
27,Behringer U-PHORIA UMC22 Audiophile 2x2 USB Audio Interface with MIDAS Mic Preamplifier,B00FFIGZF6,https://www.amazon.in/dp/B00FFIGZF6?psc=1,https://m.media-amazon.com/images/I/513a-ChwMML._SX679_.jpg,Behringer,N/A,62,0,N/A,"4,35,025",87,"1,285",N/A,N/A,1,4.2,"12,338",3,43,,Musical Instruments,Standard Size,MFN,24.70 x 11.40 x 23.60 cm,0.73,N/A,"Oct 8, 2013",,No,148,
28,"i-Ring Guitar Audio Interface Adapter for iPhone, iPad, Android Smartphones & Tablets – Portable Guitar to Phone Converter, Lightweight Audio Adapter for Recording",B0GD23YJGC,https://www.amazon.in/dp/B0GD23YJGC?psc=1,https://m.media-amazon.com/images/I/412lBpJhrjL._SY355_.jpg,MESHIV,337,48,0,40,"16,015.18",163,"1,412",N/A,N/A,1,5,2,9,1,Be Digital Online LLP,Musical Instruments,N/A,FBA,N/A,N/A,N/A,"Dec 29, 2025",,No,2,Be Digital Online LLP
29,"Donner Audio Interface Livejack Lite 2 In 2 Out, USB Audio Interfaces, 24-bit/192 kHz, TRS balanced, with Headphone Amplifier, Audio Interface for PC/Win/Mac",B093H29FH2,https://www.amazon.in/dp/B093H29FH2?psc=1,https://m.media-amazon.com/images/I/51aNTlWoK3S._SX425_.jpg,Donner,"6,996",2,0,N/A,"14,800.31",157,"1,464",N/A,"1,132.28",1,4.2,207,8,0,Cocoblu Retail,Musical Instruments,Standard Size,FBA,22.40 x 8.41 x 17.20 cm,0.94,N/A,"May 22, 2021",,No,57,Cocoblu Retail
30,"DIGIMORE 2 Channel Audio Interface For Recording Studio | Sound Card With 48KHz/16Bit USB-C, Built-in Monitor Jack, DSP Effect, 48V Phantom Power Use for Singing, Streaming, Podcasting (D-920)",B0CS6X5K6S,https://www.amazon.in/dp/B0CS6X5K6S?psc=1,https://m.media-amazon.com/images/I/617TZHNEvVL._SX355_.jpg,DIGIMORE,"3,699",29,0,20,"1,07,355.26",192,"1,487",N/A,660.67,1,3.8,65,9,0,Cocoblu Retail,Musical Instruments,Standard Size,FBA,23.80 x 7.60 x 21.10 cm,0.46,N/A,"Jan 12, 2024",,No,25,Cocoblu Retail
31,"Cezo X3 Professional Live Streaming USB Audio Interface with 2 mic inputs, Multi-Channel Mixer output For Karaoke, Mobile/PC Streaming, Live Audio Broadcasting |Singing, Recording, Gaming",B0FGDPJNQ8,https://www.amazon.in/dp/B0FGDPJNQ8?psc=1,https://m.media-amazon.com/images/I/71a4e6G4y2L._SX466_.jpg,CEZO,"2,189",27,0,10,"65,832.83",187,"1,507",N/A,464.67,3,5,5,6,1,Cocoblu Retail,Musical Instruments,Standard Size,FBA,24.50 x 7.90 x 16.20 cm,0.55,N/A,"Jul 2, 2025",,No,7,Cocoblu Retail
32,MOTU M2 USB-C Audio Interface with Ableton Live Lite,B0812B26TN,https://www.amazon.in/dp/B0812B26TN?psc=1,https://m.media-amazon.com/images/I/61N6aUccJVL._SX569_.jpg,MOTU,"23,500",17,0,N/A,"3,91,936.56",52,"1,600",N/A,N/A,3,4.4,"1,434",9,9,SOUNDGLITZ,Musical Instruments,Standard Size,FBA,25.00 x 6.90 x 18.50 cm,0.82,N/A,"Nov 9, 2019",,No,75,SOUNDGLITZ
33,"Guitar Interface I-Rig Converter Replacement Guitar for Phone Guitar Audio Interface Phone Tuner Lightweight Audio Adapter for iPhone, iPad and Android Smartphones and Tablets Practical Processed",B0CQG4P8TQ,https://www.amazon.in/dp/B0CQG4P8TQ?psc=1,https://m.media-amazon.com/images/I/61xy9um2mRL._SX425_.jpg,Clixera,N/A,11,0,N/A,"4,191.66",195,"1,633",N/A,N/A,1,2.9,10,8,0,,Musical Instruments,Standard Size,MFN,20.00 x 15.00 x 8.00 cm,0.15,N/A,"Dec 16, 2023",,No,26,
34,"KEBILSHOP 1/4"" Audio Plugs 6.35 mm Plug TRS Male 1/4 inch Solder Type Stereo Plug Connector with Spring for DJ Mixer Speaker, Guitar, Microphone, Cables.5 pcs Pack-Silver",B09XXYVBDH,https://www.amazon.in/dp/B09XXYVBDH?psc=1,https://m.media-amazon.com/images/I/51W7YiatFyL._SX466_.jpg,KEBILSHOP,295,71,0,N/A,"28,795.59",170,"1,653",N/A,186.62,2,3.9,63,7,0,SRI MATI ENTERPRISES,Musical Instruments,Standard Size,FBA,14.40 x 2.30 x 10.40 cm,0.05,N/A,"Apr 14, 2022",,No,46,SRI MATI ENTERPRISES
35,MOTU M4 USB-C Audio Interface with Ableton Live Lite,B08129P2XY,https://www.amazon.in/dp/B08129P2XY?psc=1,https://m.media-amazon.com/images/I/61LmjndVTHL._SX466_.jpg,MOTU,"29,200",8,0,N/A,"2,37,402.22",52,"1,656",N/A,"4,014.36",4,4.6,812,9,9,SOUNDGLITZ,Musical Instruments,Standard Size,FBA,27.00 x 6.91 x 18.49 cm,0.97,N/A,"Nov 10, 2019",,No,75,SOUNDGLITZ
36,Blackstar Polar Go Mobile Audio Interface,B0FJSLB5GH,https://www.amazon.in/dp/B0FJSLB5GH?psc=1,https://m.media-amazon.com/images/I/61-WZ4joALL._SX679_.jpg,BLACKSTAR,"8,552",11,0,N/A,"1,02,488.41",41,"2,025",N/A,"1,266.99",3,4.2,38,8,10,Instrument Haven,Musical Instruments,Standard Size,FBA,14.80 x 5.90 x 12.50 cm,0.27,N/A,"Aug 16, 2025",,No,6,Instrument Haven
37,"Focusrite Scarlett 2i2 Studio 4th Gen USB Audio Interface Bundle for the Songwriter with Condenser Microphone and Headphones for Recording, Streaming, and Podcasting",B0C5JTBK77,https://www.amazon.in/dp/B0C5JTBK77?psc=1,https://m.media-amazon.com/images/I/6170CdxKGSL._SX466_.jpg,Focusrite,"37,943",19,0,N/A,"6,89,766.76",165,"2,062",N/A,"5,201.12",5,4.6,497,7,18,Cocoblu Retail,Musical Instruments,Standard Size,FBA,39.50 x 12.40 x 25.30 cm,2.52,N/A,"Aug 31, 2023",,No,30,Cocoblu Retail
38,"Audio Guitar Interface AMP I-Rig Converter Replacement Guitar for Phone Guitar Audio Interface Phone Tuner Adapter for iPhone, iPad and Android Phones and Tablet.",B0F5QJ2WPD,https://www.amazon.in/dp/B0F5QJ2WPD?psc=1,https://m.media-amazon.com/images/I/41eXrTiJKBL._SX466_.jpg,Right Gear,369,25,0,10,"9,329.06",162,"2,137",N/A,138.78,1,3.7,30,9,2,RESULTS,Musical Instruments,Standard Size,FBA,3.00 x 15.00 x 3.00 cm,0.1,N/A,"Apr 21, 2025",,No,10,RESULTS
39,Guitar Interface I-Rig Converter Replacement Guitar for Phone Guitar Audio Interface Phone Tuner Attractive Design,B0F26QCNVK,https://www.amazon.in/dp/B0F26QCNVK?psc=1,https://m.media-amazon.com/images/I/4141n44BAbL._SX355_.jpg,Suicune,399,29,0,20,"11,497.82",114,"2,176",N/A,N/A,1,3,3,9,0,Aarav ent.,Musical Instruments,Standard Size,FBA,8.00 x 32.00 x 8.00 cm,0.48,N/A,"Mar 22, 2025",,No,11,Aarav ent.
40,"Steinberg Podcast Pack With IXO12 Audio Interface, Studio Condenser Mic, Pop Shield, Cable, Table Top Stand, Cubase AI, Cubasis LE, WaveLab Cast and Steinberg Plus Software",B0CRWF7BNF,https://www.amazon.in/dp/B0CRWF7BNF?psc=1,https://m.media-amazon.com/images/I/71XDcY1EchL._SX466_.jpg,Steinberg,"9,999",72,0,N/A,"8,21,702.06",172,"2,177",N/A,"1,573.99",5,4.6,33,5,2,Audio-Video Garage House 2023,Musical Instruments,Standard Size,FBA,38.20 x 13.40 x 24.20 cm,2.59,N/A,"Jan 25, 2024",,No,25,Audio-Video Garage House 2023
41,"Guitar Audio Interface Adapter | Portable Guitar to Phone Converter | Guitar Interface for iPhone, iPad, Android Smartphones & Tablets | Lightweight Audio Adapter for Recording (Audio Adapter)",B0FNK5PVFJ,https://www.amazon.in/dp/B0FNK5PVFJ?psc=1,https://m.media-amazon.com/images/I/41h2QdDQb6L._SX466_.jpg,XIKKART,358,38,0,N/A,"13,593.63",192,"2,493",N/A,140.55,1,3.1,13,8,4,KANHAIYA ENTERPRISE company,Musical Instruments,Standard Size,FBA,17.80 x 2.70 x 12.70 cm,0.05,N/A,"Aug 23, 2025",,No,6,KANHAIYA ENTERPRISE company
42,"RadioShack [ 2 Pieces ] 6 Inch Guitar Patch Cable Black, Guitar Effect Pedal Cables, Noiseless TS Mono Cords for Guitar/Bass Effect Pedals, 6.35MM Mono to 6.35 MM Mono Cable",B0BR3FR5WF,https://www.amazon.in/dp/B0BR3FR5WF?psc=1,https://m.media-amazon.com/images/I/51NfRZUqHnL._SX466_.jpg,fdealz,N/A,41,0,N/A,"29,023.77",173,"2,471",N/A,N/A,1,2.9,11,9,0,,Musical Instruments,Standard Size,FBA,16.90 x 3.10 x 12.00 cm,0.08,N/A,"Jul 29, 2022",,No,43,
43,"M-Audio AIR 192x8 USB C MIDI Audio Interface for Recording Music, Vocal, Guitar with Studio Quality, 2 XLR in, RCA outs and Music Production Software",B07YZLN475,https://www.amazon.in/dp/B07YZLN475?psc=1,https://m.media-amazon.com/images/I/81sim7Ni7lL._SX679_.jpg,M-AUDIO,"16,490",19,0,N/A,"3,52,988.10",149,"2,713",N/A,"2,416.52",3,4.1,"4,912",11,20,PRIME HEAVEN,Musical Instruments,Standard Size,FBA,33.65 x 12.40 x 25.87 cm,1.5,N/A,"Oct 12, 2019",,No,76,PRIME HEAVEN
44,"Focusrite Scarlett Solo Studio 4th Gen USB Audio Interface Bundle for the Songwriter, Guitarist, Vocalist or Producer with Condenser Microphone and Headphones for Recording, Streaming, and Podcasting",B0C5JPJJ2M,https://www.amazon.in/dp/B0C5JPJJ2M?psc=1,https://m.media-amazon.com/images/I/61owjEAttqL._SY355_.jpg,Focusrite,"30,329",17,0,N/A,"4,94,172.43",199,"2,813",N/A,"4,212.82",5,4.6,308,6,12,Cocoblu Retail,Musical Instruments,Standard Size,FBA,37.49 x 12.70 x 25.10 cm,2.25,N/A,"Aug 31, 2023",,No,30,Cocoblu Retail
45,audio recorder for iphone usb c Replacement Guitar for Phone Guitar Audio Interface Phone Tuner Lightweight Audio Adapter for iPhone,B0FFZDWM86,https://www.amazon.in/dp/B0FFZDWM86?psc=1,https://m.media-amazon.com/images/I/51Z3ZmK4+hL._SY450_.jpg,Homenique,660,41,0,20,"27,078.89",132,"2,821",N/A,N/A,1,2.5,14,5,0,Homenique,Musical Instruments,Standard Size,FBA,33.50 x 2.70 x 17.50 cm,0.05,N/A,"Mar 19, 2024",,No,23,Homenique
46,"PreSonus Quantum ES 2 2 x 2, 24-bit / 192 kHz USB-C Audio Interface With professional recording software Fender Studio Pro license Included",B0CTFN85W3,https://www.amazon.in/dp/B0CTFN85W3?psc=1,https://m.media-amazon.com/images/I/71lH0ekUTOL._SX466_.jpg,PreSonus,"19,989",22,0,N/A,"6,61,414.30",139,"2,906",N/A,"2,824.67",5,4.3,293,8,106,JMRetailMart,Musical Instruments,Standard Size,FBA,26.90 x 9.91 x 22.91 cm,1.37,N/A,"May 8, 2024",,No,21,JMRetailMart
47,Steinberg UR44C USB Audio Interface,B07YLKRH58,https://www.amazon.in/dp/B07YLKRH58?psc=1,https://m.media-amazon.com/images/I/51dpWkP+wxL._SX679_.jpg,Steinberg,"45,400",3,0,N/A,"81,470.48",35,"3,113",N/A,"6,127.74",1,4.3,91,5,0,,Musical Instruments,Standard Size,MFN,38.29 x 10.40 x 20.40 cm,2.15,N/A,"Oct 2, 2019",,No,76,
48,"M-AUDIO M-Track Duo HD Audio Interface, M100 Condenser Microphone and HDH41 Studio Monitoring Headphones for Recording, Producers, Content Creators and Podcasters",B0F2GCQ844,https://www.amazon.in/dp/B0F2GCQ844?psc=1,https://m.media-amazon.com/images/I/71lfS5dEo9L._SX569_.jpg,M-AUDIO,"18,018",22,0,N/A,"4,02,865.64",162,"3,137",N/A,"2,573.17",6,4.3,11,17,0,Cocoblu Retail,Musical Instruments,Standard Size,FBA,35.51 x 10.80 x 34.19 cm,2.13,N/A,"May 14, 2025",,No,9,Cocoblu Retail
49,"GEEKRIA Audio Mixer Case, Compatible with Focusrite Scarlett 2i2 3nd Gen Audio Interface Hard Case, Protective Hard Shell Travel Carrying Bag (White)",B0CJRLVCT4,https://www.amazon.in/dp/B0CJRLVCT4?psc=1,https://m.media-amazon.com/images/I/61BjfgWG-gL._SY450_.jpg,GEEKRIA,"2,053",0,0,N/A,0,149,"3,363",N/A,374.34,1,5,4,N/A,0,GeekriaIN,Musical Instruments,Standard Size,FBA,20.40 x 7.30 x 17.50 cm,0.24,N/A,"Oct 17, 2023",,No,28,GeekriaIN
50,Roland UM-ONE- MK2 USB MIDI Interface,B00967UN50,https://www.amazon.in/dp/B00967UN50?psc=1,https://m.media-amazon.com/images/I/4192mV4sUmL._SX466_.jpg,Roland,"5,035",23,0,N/A,"1,15,924.28",37,"3,474",N/A,810.48,6,4.5,"2,766",1,9,Tone Tech Enterprises LLP ( Toneteq ),Musical Instruments,Standard Size,FBA,23.80 x 4.30 x 19.60 cm,0.29,N/A,"Nov 27, 2012",,No,159,Tone Tech Enterprises LLP ( Toneteq )
51,"Audio Interface AMP for iPod Touch, iPhone, guitar connector Multimedia audio interface, 7 X 2 X 2 cm, Black",B0BWV1JWRT,https://www.amazon.in/dp/B0BWV1JWRT?psc=1,https://m.media-amazon.com/images/I/61HtVDbGMsL._SY450_.jpg,HOMAVA,346,20,0,10,"6,962.02",108,"3,531",N/A,141.13,1,3.7,128,7,0,HOMAVA,Musical Instruments,Standard Size,FBA,12.00 x 12.00 x 2.00 cm,0.1,N/A,"May 26, 2022",,No,45,HOMAVA
52,"DKP Medicams Audio Interface AMP from for iPod Touch, iPhone, and iPad, 7 X 2 X 2 cm, Black",B0CL5BZ4LK,https://www.amazon.in/dp/B0CL5BZ4LK?psc=1,https://m.media-amazon.com/images/I/614VXPFqWHL._SY450_.jpg,DKP MEDICAMS,427,23,0,N/A,"9,739.24",91,"3,546",N/A,117.08,1,3.5,21,4,0,dkp medicams,Musical Instruments,Standard Size,FBA,3.00 x 14.00 x 13.00 cm,0.1,N/A,"Oct 12, 2023",,No,28,dkp medicams
53,"Audio Guitar Interface AMP I-Rig Converter Replacement Guitar for Phone Guitar Audio Interface Phone Tuner Lightweight Audio Adapter for iPhone, iPad and Android Smartphones and Tablet",B0DZ6XSQSL,https://www.amazon.in/dp/B0DZ6XSQSL?psc=1,https://m.media-amazon.com/images/I/61HtVDbGMsL._SY450_.jpg,HETVIN,495,9,0,N/A,"4,677.41",184,"3,717",N/A,N/A,1,1,1,7,0,HETVIN,Musical Instruments,N/A,FBA,N/A,N/A,N/A,"Mar 4, 2025",,No,11,HETVIN
54,Behringer DS2800 Professional 2-Input 8-Output Distribution Splitter,B0773T2SGZ,https://www.amazon.in/dp/B0773T2SGZ?psc=1,https://m.media-amazon.com/images/I/71Ut75Q3OFL._SX355_.jpg,Behringer,"13,499",11,0,N/A,"1,44,157.75",68,"3,878",N/A,"2,025.93",1,4.5,127,8,3,,Musical Instruments,Standard Size,MFN,52.40 x 10.60 x 24.40 cm,2,N/A,"Mar 25, 2018",,No,95,
55,"Audio Interface AMP i-Rig, Multimedia Ampli Tube Guitar Interface Adaptor for iOS Devices iPhone/iPod/ipad | 7 x 2 x 2 cm | Black (NOTE: THIS DEVICE NOT SUPPORT IN ANDROID)",B0G6F57T1Q,https://www.amazon.in/dp/B0G6F57T1Q?psc=1,https://m.media-amazon.com/images/I/31knRLOUKxL._SX425_.jpg,BARHARY,299,17,0,N/A,"5,191.83",172,"3,889",N/A,148.61,1,N/A,0,6,0,PB_SHOP,Musical Instruments,Standard Size,FBA,5.00 x 10.00 x 5.00 cm,0.3,N/A,"Dec 1, 2025",,No,2,PB_SHOP
56,"Audio Guitar Interface AMP I-Rig Converter – Lightweight Audio Adapter for iPhone, iPad, Android Phones & Tablets, Guitar Tuner Replacement",B0F4DKS8G9,https://www.amazon.in/dp/B0F4DKS8G9?psc=1,https://m.media-amazon.com/images/I/31Ewi0kinqL._SX425_.jpg,Fonicy,472,20,0,10,"9,600.96",139,"4,043",N/A,N/A,1,3.8,14,9,1,FONICY ENTERPRISE,Musical Instruments,N/A,FBA,N/A,N/A,N/A,"Apr 10, 2025",,No,10,FONICY ENTERPRISE
57,Steinberg UR816C 16x16 USB 3.0 Audio Interface with Cubase AI and Cubasis LE,B07YFGPN2J,https://www.amazon.in/dp/B07YFGPN2J?psc=1,https://m.media-amazon.com/images/I/61TIJwD0B+L._SX450_.jpg,Steinberg,"42,399",4,0,N/A,"1,76,479.62",76,"4,139",N/A,N/A,2,4,16,5,0,ProAudioBrands,Musical Instruments,Standard Size,FBA,54.86 x 12.70 x 32.51 cm,4.4,N/A,"Oct 19, 2019",,No,76,ProAudioBrands
58,"Godox AI2C 2-Channel USB Audio Mixer Interface | Portable two-channel USB-B 2.0 audio interface with Gain Knob for Windows computers, Gaming, Live Streaming, and Recording | Grey",B0CC5DHR1S,https://www.amazon.in/dp/B0CC5DHR1S?psc=1,https://m.media-amazon.com/images/I/81yigVnBhDL._SX466_.jpg,GODOX,N/A,1,0,N/A,"11,231.22",178,"4,584",N/A,N/A,1,5,1,9,0,,Musical Instruments,Standard Size,FBA,19.70 x 7.00 x 16.60 cm,0.73,N/A,"Jul 18, 2023",,No,31,
59,U-PHORIA UM2 2 x 2 Audio interfacce with USB 2.0,B0GP1TVKRK,https://www.amazon.in/dp/B0GP1TVKRK?psc=1,https://m.media-amazon.com/images/I/617zUi142bL._SX679_.jpg,Generic,N/A,0,0,N/A,N/A,48,"4,638",N/A,N/A,1,N/A,0,1,0,,Musical Instruments,Standard Size,N/A,21.20 x 8.90 x 15.60 cm,0.54,N/A,"Dec 31, 2025",,No,2,
60,"Audio Array AI-03 Professional Sound Card with Bluetooth | Podcast Production Setup with 4 mic input & 4 outputs | +48V phantom power, PC/Mac connectivity | 6-8hr Battery | Streaming, Singing & Gaming",B0BPM2T7BQ,https://www.amazon.in/dp/B0BPM2T7BQ?psc=1,https://m.media-amazon.com/images/I/41zvBzvC16L._SX466_.jpg,Audio Array,"3,899",17,0,N/A,"67,816.12",200,"4,718",N/A,686.63,2,4,90,8,0,Cocoblu Retail,Musical Instruments,Standard Size,FBA,28.80 x 7.10 x 20.70 cm,0.75,N/A,"Dec 9, 2022",,No,38,Cocoblu Retail
61,Behringer HA8000 V2 8-Channel High-Power Headphones Mixing and Distribution Amplifier,B06WRRB59R,https://www.amazon.in/dp/B06WRRB59R?psc=1,https://m.media-amazon.com/images/I/51Iw+E-1XuL._SX466_.jpg,Behringer,"14,999",17,0,10,"2,53,626",85,"4,810",N/A,"2,222.98",3,4.6,274,5,0,Audio-Video Garage House 2023,Musical Instruments,Standard Size,FBA,52.71 x 10.92 x 25.15 cm,2.38,N/A,"Apr 7, 2017",,No,106,Audio-Video Garage House 2023
62,"Focusrite Scarlett 4i4 4th gen. USB audio interface for musicians, songwriters, guitarists and content creators.Studio recording, hi-fi and all necessary software",B0C5JMFX6S,https://www.amazon.in/dp/B0C5JMFX6S?psc=1,https://m.media-amazon.com/images/I/511+TjOBLHL._SX355_.jpg,Focusrite,"34,276",18,0,N/A,"6,05,638.69",162,"4,822",N/A,"4,679.12",4,4.5,403,6,19,Cocoblu Retail,Musical Instruments,Standard Size,FBA,29.69 x 9.19 x 19.20 cm,1.4,N/A,"Aug 31, 2023",,No,30,Cocoblu Retail
63,"IK Multimedia iRig 2 guitar interface adaptor for iPhone, iPod touch, iPad, Mac and Android",B00T631UTC,https://www.amazon.in/dp/B00T631UTC?psc=1,https://m.media-amazon.com/images/I/518zUN6YbOL._SX466_.jpg,IK Multimedia,"7,456",22,0,N/A,"2,56,752.22",91,"4,880",N/A,"1,124.73",4,4.2,"15,051",8,45,,Musical Instruments,Standard Size,MFN,14.00 x 4.80 x 13.80 cm,0.12,N/A,"Mar 6, 2015",,No,131,
64,Multimedia Ampli Tube Guitar Interface i-Ring Adaptor for iOS Devices i-Phone/i-Pod/i-pad | 7 x 2 x 2 cm | Black (Note: This Device NOT Support in Android),B0G6F1B94Z,https://www.amazon.in/dp/B0G6F1B94Z?psc=1,https://m.media-amazon.com/images/I/31xVNuW8VOL._SX355_.jpg,BARHARY,299,16,0,N/A,"4,742.04",155,"4,952",N/A,N/A,1,N/A,0,6,0,PB_SHOP,Musical Instruments,N/A,FBA,N/A,N/A,N/A,"Dec 1, 2025",,No,2,PB_SHOP
65,"KPS Audio Interface AMP for iPod Touch, iPhone, and iPad, 7 X 2 X 2 cm, Multimedia audio interface",B092ZGLXWL,https://www.amazon.in/dp/B092ZGLXWL?psc=1,https://m.media-amazon.com/images/I/61z0+ciFEDL._SX425_.jpg,KPS,499,17,0,N/A,"8,535.35",98,"4,955",N/A,N/A,2,3.4,17,9,0,Krupa sales,Musical Instruments,Standard Size,FBA,2.00 x 8.00 x 5.00 cm,0.07,N/A,"Apr 20, 2021",,No,58,Krupa sales
66,"MAONO Audio Interface for Recording Studio: Audio Mixer with 24-bit/192kHz Routing Software, LOOPBACK ASIO Driver for Recording Music, Home-Studio, Podcast Setup, Guitar, DAW(PS22 Lite Black)",B0F18B2HVH,https://www.amazon.in/dp/B0F18B2HVH?psc=1,https://m.media-amazon.com/images/I/61CO307V8gL._SY450_.jpg,MAONO,N/A,33,0,N/A,"2,33,159.27",191,"5,109",N/A,N/A,1,4.4,419,9,22,,Musical Instruments,Standard Size,FBA,15.70 x 8.90 x 15.50 cm,0.44,N/A,"Mar 12, 2025",,No,11,
67,"Guitar Interface I-Rig Converter Replacement Guitar for Phone Guitar Audio Interface Phone Tuner Lightweight Audio Adapter for iPhone, iPad and Android Smartphones",B0F26PVXYT,https://www.amazon.in/dp/B0F26PVXYT?psc=1,https://m.media-amazon.com/images/I/41mb7M-IAAL._SX466_.jpg,Suicune,399,17,0,10,"6,843.61",163,"5,169",N/A,166.33,1,N/A,0,9,0,Aarav ent.,Musical Instruments,Standard Size,FBA,8.00 x 32.00 x 8.00 cm,0.48,N/A,"Mar 22, 2025",,No,11,Aarav ent.
68,"Elgato Stream Deck +, Audio Mixer, Production Console and Studio Controller and for Content Creators, Streaming, Gaming, with customisable touch strip dials and LCD keys, works with Mac and PC",B0BJL8SJ59,https://www.amazon.in/dp/B0BJL8SJ59?psc=1,https://m.media-amazon.com/images/I/519jbgbd1sL._SY355_.jpg,Elgato,"22,735",12,0,N/A,"2,81,501.17",192,"5,192",N/A,"3,449.38",1,4.6,"3,350",10,49,Electronics Bazaar  Store,Musical Instruments,Standard Size,FBA,17.60 x 13.70 x 17.50 cm,1.04,N/A,"Nov 15, 2022",,No,39,Electronics Bazaar  Store
69,"Yamaha URX22C USB 3.1 Audio Interface, 32bit/192kHz, 2 in/2 Out, Music Production, Recording, Distribution, Loopback Function",B0FTLY42KJ,https://www.amazon.in/dp/B0FTLY42KJ?psc=1,https://m.media-amazon.com/images/I/51VZQYUJjWL._SX466_.jpg,Yamaha,"14,999",0,0,N/A,0,125,"5,216",N/A,"2,176.96",1,4.6,13,7,0,,Musical Instruments,Standard Size,MFN,23.30 x 10.40 x 20.40 cm,1.43,N/A,"Jan 18, 2026",,No,1,
70,"Universal Audio Volt 1, White",B09J1V6R6N,https://www.amazon.in/dp/B09J1V6R6N?psc=1,https://m.media-amazon.com/images/I/61hyD3D2tAL._SX450_.jpg,Universal Audio,"17,413",55,0,N/A,"14,94,051.08",29,"5,251",N/A,"2,494.39",4,4.6,"1,479",8,27,SOUNDGLITZ,Musical Instruments,Standard Size,FBA,25.60 x 19.10 x 25.40 cm,1.17,N/A,"Oct 18, 2021",,No,52,SOUNDGLITZ
71,Guitar Interface I-Rig Converter Replacement Guitar for Phone Guitar Audio Interface Phone Tuner Attractive Design,B0FHJ3LYFF,https://www.amazon.in/dp/B0FHJ3LYFF?psc=1,https://m.media-amazon.com/images/I/41TVaIHwjaL._SX355_.jpg,Luteti,399,8,0,N/A,"3,382.27",114,"5,253",N/A,N/A,1,N/A,0,9,0,Prashant Ent,Musical Instruments,Standard Size,FBA,8.00 x 32.00 x 8.00 cm,0.48,N/A,"Jul 15, 2025",,No,7,Prashant Ent
72,Focusrite Scarlett 8i6 (3rd Gen) USB Audio Interface,B07QNZ3V34,https://www.amazon.in/dp/B07QNZ3V34?psc=1,https://m.media-amazon.com/images/I/71HhQ9lsKqL._SX569_.jpg,Focusrite,"29,488",4,0,N/A,"1,09,494.59",52,"5,300",N/A,"4,057.64",1,4.5,"1,142",6,0,Cocoblu Retail,Musical Instruments,Standard Size,FBA,29.80 x 7.90 x 25.70 cm,1.34,N/A,"Jul 2, 2019",,No,79,Cocoblu Retail
73,Q12 Professional USB Computer Recording Sound Card Audio Interface LIVE Streaming Broadcast Drive - Free,B0BTP7Q97T,https://www.amazon.in/dp/B0BTP7Q97T?psc=1,https://m.media-amazon.com/images/I/41QoQK+NeIL._SY450_.jpg,SRK CLOUD,"2,050",6,0,N/A,"12,315.77",104,"5,457",N/A,395.89,1,3.3,15,9,0,AUDIOVIDEO,Musical Instruments,Standard Size,FBA,15.50 x 5.80 x 12.50 cm,0.3,N/A,"Feb 2, 2023",,No,36,AUDIOVIDEO
74,"Audio Interface AMP System Guitar Effects Pedal Noise Isolator, Ground Loop Noise Isolator with 3.5mm Audio Cable Black",B0F6D91NJ1,https://www.amazon.in/dp/B0F6D91NJ1?psc=1,https://m.media-amazon.com/images/I/51bjDczr7oL._SY355_.jpg,Paghadi,499,3,0,N/A,"1,631.79",119,"5,608",N/A,148.04,1,N/A,0,9,0,PAGHADI_20,Musical Instruments,Standard Size,FBA,12.80 x 3.30 x 6.90 cm,0.04,N/A,"Jul 28, 2021",,No,55,PAGHADI_20
75,"ESI Neva UNO | Professional 24-bit/192kHz 2x2 USB Audio Interface for PC and Mac with XLR, Line, and DI Inputs, Podcasting, and Streaming, Perfect for Guitarists, Music Production Software Included",B0BMM3MHYV,https://www.amazon.in/dp/B0BMM3MHYV?psc=1,https://m.media-amazon.com/images/I/51ztIhqqPpL._SX425_.jpg,ESI,"4,999",1,0,N/A,"5,521.30",197,"5,679",N/A,805.81,1,4.3,104,6,0,KRISH MUSICALS,Musical Instruments,Standard Size,FBA,12.70 x 5.10 x 12.00 cm,0.3,N/A,"Sep 3, 2023",,No,29,KRISH MUSICALS
76,"kh USB Audio Interface, 24Bit/196kHz Professional Sound Card, Audio Mixer with XLR/TSR/TS Ports for Guitarist, Vocalist, Podcaster or Producer",B0FNWWJD4L,https://www.amazon.in/dp/B0FNWWJD4L?psc=1,https://m.media-amazon.com/images/I/511csZInUfL._SY450_.jpg,kh,"4,084",13,0,N/A,"54,508.02",142,"5,751",N/A,710.64,1,5,3,9,0,Shopn Save,Musical Instruments,Standard Size,FBA,28.50 x 8.20 x 15.60 cm,0.9,N/A,"Aug 27, 2025",,No,6,Shopn Save
77,Native Instruments Komplete Audio 1,B07N6RD68M,https://www.amazon.in/dp/B07N6RD68M?psc=1,https://m.media-amazon.com/images/I/51+fRZyrhmL._SX522_.jpg,Native Instruments,"7,500",11,0,N/A,"84,720.43",35,"5,918",N/A,"1,154.04",1,4.4,785,5,0,KRISH MUSICALS,Musical Instruments,Standard Size,FBA,21.30 x 7.40 x 14.30 cm,0.55,N/A,"Feb 22, 2011",,No,180,KRISH MUSICALS
78,"Audio Interface-Podcast Equipment-MAONO-MaonoCaster-All in One - Portable Podcast production Studio with premium mic preamp for Podcast Recording, Streaming, Youtube, DJ, PC, Smartphone (AME2)",B09LCDJMS5,https://www.amazon.in/dp/B09LCDJMS5?psc=1,https://m.media-amazon.com/images/I/61MpklURHDL._SX569_.jpg,MAONO,N/A,8,0,N/A,"55,992",192,"6,024",N/A,N/A,1,4,177,7,3,,Musical Instruments,Standard Size,FBA,36.00 x 7.90 x 19.70 cm,0.93,N/A,"Nov 9, 2021",,No,51,
79,"Powerpak V8 Portable Audio Mixer Interface, Bluetooth Sound Card for Live Streaming, Recording, Podcast, Voice Change/Karaoke/Gaming/Singing with Sound Effects, 3.5mm Mic Jack for Guitar",B09166JRK7,https://www.amazon.in/dp/B09166JRK7?psc=1,https://m.media-amazon.com/images/I/81GoGhYJ9AL._SX679_.jpg,Powerpak,"1,449",18,0,N/A,"40,668.34",186,"6,166",N/A,N/A,1,3.6,262,12,0,Cocoblu Retail,Musical Instruments,Standard Size,FBA,22.20 x 5.20 x 14.80 cm,0.45,N/A,"Mar 26, 2021",,No,59,Cocoblu Retail
80,AARKRI SALES Multimedia Ampli Tube Guitar Interface Adaptor for iOS Devices i-Phone/i-Pod/i-pad | 7 x 2 x 2 cm | Black - Note: Not Suitable for Android Users,B0C1HHLY4C,https://www.amazon.in/dp/B0C1HHLY4C?psc=1,https://m.media-amazon.com/images/I/61HtVDbGMsL._SY450_.jpg,AARKRI SALES,465,6,0,N/A,"3,136.18",157,"6,188",N/A,147.56,1,3.9,21,7,0,AARKRI SALES,Musical Instruments,Standard Size,FBA,12.00 x 10.00 x 8.00 cm,0.35,N/A,"Apr 4, 2023",,No,34,AARKRI SALES
81,"Right Gear Audio Guitar Interface AMP I-RIG Converter – Guitar to Phone Audio Interface & Tuner Adapter for for iPhone, iPad & Android Smartphones – Instrument Recording & Music Production.",B0G29RVRVC,https://www.amazon.in/dp/B0G29RVRVC?psc=1,https://m.media-amazon.com/images/I/514aUEk-d6L._SY355_.jpg,Hybite,399,11,0,N/A,"4,523.51",189,"6,243",N/A,115.59,2,1,1,4,0,EZONES,Musical Instruments,Standard Size,FBA,17.50 x 2.80 x 12.70 cm,0.05,N/A,"Nov 3, 2025",,No,3,EZONES
82,Behringer U-PHORIA STUDIO,B07ZP85SN9,https://www.amazon.in/dp/B07ZP85SN9?psc=1,https://m.media-amazon.com/images/I/611dQ7jSJNL._SX679_.jpg,Behringer,"11,999",27,0,10,"3,24,862.46",25,"6,274",N/A,"1,925.63",3,4,109,9,0,Cocoblu Retail,Musical Instruments,Standard Size,FBA,39.80 x 16.00 x 36.20 cm,1.92,N/A,"Mar 20, 2020",,No,71,Cocoblu Retail
83,"Audio Guitar Interface AMP Converter Replacement Guitar for Phone Guitar Audio Interface Phone Tuner Lightweight Audio Adapter for iPhone, iPad",B0DJZ7BR84,https://www.amazon.in/dp/B0DJZ7BR84?psc=1,https://m.media-amazon.com/images/I/51H5KCh1vlL._SX679_.jpg,XIKKART,399,23,0,N/A,"8,613.68",143,"6,456",N/A,116.77,1,3.5,37,9,1,KANHAIYA ENTERPRISE company,Musical Instruments,Standard Size,FBA,17.60 x 2.70 x 12.70 cm,0.05,N/A,"Oct 13, 2024",,No,16,KANHAIYA ENTERPRISE company
84,"Steinberg UR816C Rackmountable USB 3.0 Audio Interface, 8-in/8-out, 32-bit/192kHz with with 8 XLR/TRS Combo Inputs, MIDI I/O, USB Bus Power, and Bundled Software - Mac/PC/iOS",B07ZHNPZD1,https://www.amazon.in/dp/B07ZHNPZD1?psc=1,https://m.media-amazon.com/images/I/61oH53LPbhL._SX425_.jpg,Steinberg,"42,399",1,0,N/A,"43,073.59",174,"6,460",N/A,N/A,1,3.9,16,6,0,,Musical Instruments,Standard Size,MFN,55.20 x 12.80 x 32.40 cm,4.4,N/A,"Jul 19, 2020",,No,67,
85,Mackie Onyx Artist 1-2 2x2 24-bit/192kHz USB Audio Interface,B07664LMPQ,https://www.amazon.in/dp/B07664LMPQ?psc=1,https://m.media-amazon.com/images/I/61FAvhgB49L._SX425_.jpg,Mackie,"4,999",1,0,N/A,"3,138.77",60,"6,485",N/A,834.13,1,3.9,771,9,6,Bajaao,Musical Instruments,Standard Size,FBA,27.20 x 8.30 x 16.20 cm,0.86,N/A,"Nov 3, 2017",,No,99,Bajaao
86,TC-Helicon GO GUITAR Audio Interface,B07N2VR5MH,https://www.amazon.in/dp/B07N2VR5MH?psc=1,https://m.media-amazon.com/images/I/51RRgG6jWaL._SX425_.jpg,TC Helicon,"3,926.50",9,0,N/A,"36,642.25",36,"6,563",N/A,666.61,3,3.8,358,8,1,,Musical Instruments,Standard Size,MFN,16.10 x 4.30 x 13.80 cm,0.15,N/A,"Apr 27, 2019",,No,82,
87,Focusrite Scarlett 18i20 4th Gen 18 x 20 USB Audio Interface,B0D7YFNMRG,https://www.amazon.in/dp/B0D7YFNMRG?psc=1,https://m.media-amazon.com/images/I/61x0D88js3L._SX355_.jpg,Focusrite,"82,996",3,0,N/A,"2,60,152.44",60,"6,726",N/A,"11,086.76",2,4.4,58,12,7,Cocoblu Retail,Musical Instruments,Standard Size,FBA,49.53 x 10.16 x 34.80 cm,4.85,N/A,"Sep 26, 2024",,No,17,Cocoblu Retail
88,"TECHBLAZE Q12 2-Channel Mini Audio Mixer with USB Audio Interface, 48V Phantom Power, Mono/Stereo Sound Card Console for Recording Studio, Karaoke, Computer Singing & Live Streaming",B0BQ3CT97S,https://www.amazon.in/dp/B0BQ3CT97S?psc=1,https://m.media-amazon.com/images/I/61uwUvzm4XL._SX425_.jpg,TECHBLAZE,N/A,32,0,N/A,"67,276.99",181,"7,028",N/A,N/A,1,3.6,67,9,1,,Musical Instruments,Standard Size,FBA,15.60 x 5.80 x 12.70 cm,0.3,N/A,"Dec 14, 2022",,No,38,
89,"DIGIMORE V8 Live Sound Card Analog Audio Mixer | Bluetooth, Echo, 4 Reverb Modes | 12 Sound Effects & 4 Voice Changer | 5Hrs Battery Life |Live Streaming/Recording/Podcast/Singing (D-230), Black",B0C2L1QC9C,https://www.amazon.in/dp/B0C2L1QC9C?psc=1,https://m.media-amazon.com/images/I/71-m9csKINL._SX569_.jpg,DIGIMORE,N/A,0,0,N/A,N/A,194,"7,103",N/A,N/A,1,3.7,208,6,0,,Musical Instruments,Standard Size,FBA,30.60 x 7.40 x 15.10 cm,0.54,N/A,"Apr 15, 2023",,No,34,
90,"Audio Interface Guitar Adapter – Mobile AMP Connector with 1/4” Jack & Headphone Out – Compatible with iPhone iPad iPod (3.5mm Jack Models) – 7x2x2 cm, Black",B0CRKPKQ6M,https://www.amazon.in/dp/B0CRKPKQ6M?psc=1,https://m.media-amazon.com/images/I/61HtVDbGMsL._SY450_.jpg,Homenique,533,14,0,N/A,"7,256.46",157,"7,127",N/A,162.04,1,N/A,0,7,0,Homenique,Musical Instruments,Standard Size,FBA,5.00 x 15.00 x 10.00 cm,0.35,N/A,"Jan 5, 2024",,No,25,Homenique
91,Guitar Interface I-Rig Converter For Phone Guitar Interface Phone Tuner Practical Processed Guitar Tuner,B0F27XPV1Z,https://www.amazon.in/dp/B0F27XPV1Z?psc=1,https://m.media-amazon.com/images/I/4141n44BAbL._SX355_.jpg,VPGS,399,16,0,N/A,"6,396.46",104,"7,253",N/A,166.33,1,N/A,0,9,0,DHRUVI-CREATION.,Musical Instruments,Standard Size,FBA,8.00 x 32.00 x 8.00 cm,0.48,N/A,"Mar 23, 2025",,No,11,DHRUVI-CREATION.
92,"Shure MVX2U XLR-to-USB Digital Interface with Headphone Jack, Integrated Pre-amp with 60dB Gain Control, Zero-Latency Monitoring, 48V Phantom Power, ShurePlus Desktop App, 1m USB-C Cable",B0C8W8D4PD,https://www.amazon.in/dp/B0C8W8D4PD?psc=1,https://m.media-amazon.com/images/I/61gxI1B6X6L._SX522_.jpg,Shure,"14,499",3,0,N/A,"37,484.22",186,"7,269",N/A,"2,038.91",2,4.5,639,12,20,Cocoblu Retail,Musical Instruments,Standard Size,FBA,18.49 x 6.40 x 16.69 cm,0.23,N/A,"Aug 19, 2023",,No,30,Cocoblu Retail
93,Solid State Logic SSL 2 MKII - 2x2 USB Audio Interface,B0DJCK64XX,https://www.amazon.in/dp/B0DJCK64XX?psc=1,https://m.media-amazon.com/images/I/51NATiIO6xL._SY450_.jpg,Solid State Logic,"28,900",3,0,N/A,"97,390.16",54,"7,312",N/A,"3,981.32",2,4.7,139,6,6,SOUNDGLITZ,Musical Instruments,Standard Size,FBA,27.90 x 10.40 x 20.00 cm,1.19,N/A,"Nov 16, 2024",,No,15,SOUNDGLITZ
94,"[ 4 Pieces ] Right Angle 1/4"" TS Mono Phone Plug Guitar Audio Connector 6.35mm Jack ; 6.35MM Mono audio 90 Degree Connector for soldering DIY Solder Plug Adaptor",B0C1H5PQLV,https://www.amazon.in/dp/B0C1H5PQLV?psc=1,https://m.media-amazon.com/images/I/51YGAccy6XL._SX342_.jpg,fdealz,590,9,0,N/A,"5,069.42",161,"7,332",N/A,N/A,1,3,3,9,1,Deals at Factory Price Limitada,Musical Instruments,Standard Size,FBA,3.00 x 19.00 x 17.00 cm,0.4,N/A,"Aug 4, 2022",,No,42,Deals at Factory Price Limitada
95,"Saramonic SmartRig+UC 2-Ch USB-C XLR, 1/4"" & 3.5mm Audio Interface for iPhone 15, Android, Computers & iPads",B0D3XJW19C,https://www.amazon.in/dp/B0D3XJW19C?psc=1,https://m.media-amazon.com/images/I/612-1td5v9L._SX569_.jpg,Saramonic,"5,888",27,0,N/A,"1,73,548.88",108,"7,395",N/A,894.06,1,4,660,1,3,DOUBING,Musical Instruments,Standard Size,FBA,14.60 x 7.20 x 9.50 cm,0.23,N/A,"May 11, 2024",,No,21,DOUBING
96,Behringer UMC202HD U-Phoria USB Audio Interface with MIDAS Microphone Preamplifiers,B00QHURUBE,https://www.amazon.in/dp/B00QHURUBE?psc=1,https://m.media-amazon.com/images/I/51DWWNt0glL._SX466_.jpg,Behringer,N/A,6,0,N/A,"71,994",83,"7,577",N/A,N/A,1,4.3,"4,670",6,10,,Musical Instruments,Standard Size,FBA,25.40 x 8.90 x 15.70 cm,0.83,N/A,"Mar 20, 2015",,No,131,
97,Vault Control 2 Passive Studio Monitor Controller,B0FLQGCKR7,https://www.amazon.in/dp/B0FLQGCKR7?psc=1,https://m.media-amazon.com/images/I/71qUH5D1w-L._SX522_.jpg,VAULT,"4,299",41,0,N/A,"1,29,925.80",49,"5,334",N/A,785.75,1,4.4,93,9,0,Bajaao,Musical Instruments,Standard Size,FBA,13.50 x 22.00 x 21.00 cm,1.15,N/A,"Aug 8, 2025",,No,6,Bajaao
98,(2 pc) FlyRobo INMP441 MEMS High Precision Omnidirectional Microphone Module I2S Interface Supports ESP32,B0DDHJDXHD,https://www.amazon.in/dp/B0DDHJDXHD?psc=1,https://m.media-amazon.com/images/I/61wcmoO0+9L._SX425_.jpg,FlyRobo,931,6,0,N/A,"5,131.20",105,"7,625",N/A,N/A,1,N/A,0,6,0,Flyrobo Technologies,Musical Instruments,N/A,FBA,N/A,N/A,N/A,"Aug 17, 2024",,No,18,Flyrobo Technologies
99,Zoom U-44 Channel Audio Interface,B01E5GGT2W,https://www.amazon.in/dp/B01E5GGT2W?psc=1,https://m.media-amazon.com/images/I/51B-jh1MMTL._SY450_.jpg,Zoom,"16,000",6,0,N/A,"89,180.31",33,"7,653",N/A,"2,304.54",2,4.2,182,6,0,MUSIC CRAFT,Musical Instruments,Standard Size,FBA,30.20 x 7.50 x 28.00 cm,0.6,N/A,"Apr 18, 2016",,No,118,MUSIC CRAFT
100,"Audio Array Professional Dynamic Bundle with Headphones & Audio Interface - USB/XLR Dynamic Microphone, 24-bit/192kHz Interface, Boom Arm & Semi-Open Headphones | Plug & Play Podcast Kit - PB-12",B0FTVVLNS9,https://www.amazon.in/dp/B0FTVVLNS9?psc=1,https://m.media-amazon.com/images/I/61KRrq19AJL._SX466_.jpg,Audio Array,"11,785",10,0,N/A,"1,19,018",194,"7,852",N/A,N/A,2,N/A,0,9,0,Cocoblu Retail,Musical Instruments,Standard Size,FBA,56.40 x 15.40 x 37.20 cm,3.84,N/A,"Oct 4, 2025",,No,4,Cocoblu Retail
